{
 "rec0JRIGwntosctHc": [
  17.846370914364822,
  79.13550280293285
 ],
 "rec0S8BONlag1sCH5": [
  10.149459130604441,
  78.77013648586684
 ],
 "rec1cqcQQVo7YxZ2P": [
  22.40030439655606,
  71.72766117258921
 ],
 "rec1h9V39EQHD1EJ1": [
  33.947606032652374,
  77.64674684001048
 ],
 "rec23GalYD7n5Rv6J": [
  14.952422425697604,
  75.78837182738216
 ],
 "rec3MuXBTheP5imIu": [
  11.336445748905325,
  76.80449886636012
 ],
 "rec3pCxDylzQvSjyq": [
  12.987422474528707,
  77.58369552787111
 ],
 "rec4JawuoT8RMh81O": [
  24.577738828849686,
  73.70030280182766
 ],
 "rec4YIGipuaTt8lDb": [
  33.95629675940284,
  77.6458229274628
 ],
 "rec6Rr8U5xurTKQvy": [
  10.181807378911554,
  78.78311011203814
 ],
 "rec6bOn9grF37KOPm": [
  14.804431218051032,
  75.99481410582014
 ],
 "rec6lHNoY6qxkDROn": [
  14.958834163357327,
  75.80627714100541
 ],
 "rec86n5h7d2b780kE": [
  14.954333649816009,
  75.7845339813643
 ],
 "rec8QBUvVQgpd9Ky7": [
  14.952550596971387,
  75.78589037265021
 ],
 "rec9ObcrzGHaMATVw": [
  11.347187155601208,
  76.82023576515508
 ],
 "recAZe8Kg1D4G9uaB": [
  12.974273355905291,
  77.59832534699639
 ],
 "recBPc6pIEwdRQ1A1": [
  12.962628605830325,
  77.5831732707266
 ],
 "recBv3VKvxlk3unBX": [
  26.627600578066428,
  92.78253683704602
 ],
 "recCzlRLijuFT9M19": [
  14.93163947347187,
  75.79053192962894
 ],
 "recEYBJ8Ub21qfmGx": [
  33.932954031956456,
  77.66788595227733
 ],
 "recF0EwnujZSnDXTI": [
  14.961496511283736,
  75.79311077231094
 ],
 "recF8wK2M1UyDtg7z": [
  11.412933624898692,
  76.68834264040424
 ],
 "recFheooHH4UJyEbQ": [
  13.013426343126413,
  76.08143545459464
 ],
 "recFp6iOlbo5yV3C1": [
  12.322087167978843,
  76.65742523584963
 ],
 "recFtN4rWYXNZJgDM": [
  12.986426802730549,
  77.58923920396762
 ],
 "recGPtvQlEwEhFIF0": [
  12.981618405540862,
  77.58670363478988
 ],
 "recGrBRDhW72Ks2Ro": [
  31.932942855104695,
  77.18595729203088
 ],
 "recHBGEjXG0Q0KUBz": [
  12.988038387981467,
  77.58160844447401
 ],
 "recI6wqZKNSd0cSPb": [
  26.629730943797416,
  92.790382425428
 ],
 "recJAcczISngEfDfO": [
  14.960945090364888,
  75.78583524561459
 ],
 "recJxbHckUtosVwIX": [
  12.97255455101055,
  77.5987733384277
 ],
 "recKKhOwW2cDJzXj8": [
  12.310191973067234,
  76.64356002777875
 ],
 "recLFJHzhLp991Inu": [
  12.992676327828184,
  77.59316928954519
 ],
 "recLH9YlB4vO9PxDf": [
  22.36460712681219,
  71.73941197530957
 ],
 "recLqO0LjEmss9pM9": [
  33.95723095242439,
  77.66658297653456
 ],
 "recLwrQLrPRUzI1h3": [
  14.94770173138912,
  75.78349647699841
 ],
 "recMK951T46tbHqJ9": [
  14.9593595041598,
  75.77789946417754
 ],
 "recML5i1vA74yt0dM": [
  12.857691254097366,
  74.82283905341448
 ],
 "recMW2i5y9iROMD8f": [
  13.034559014411906,
  76.11850133065717
 ],
 "recNGwE7eIhh6hWPz": [
  33.67167601459206,
  75.15462739529318
 ],
 "recO1olwJAexMzVZm": [
  14.52652687818717,
  76.21454932868042
 ],
 "recObnFpjnf6AlI5G": [
  33.954214371665365,
  77.65285963124393
 ],
 "recQbA8z54PhNkmfu": [
  12.990512730512176,
  77.59324931084515
 ],
 "recQgZygc8QaELCYL": [
  31.936839767889353,
  77.20265677665027
 ],
 "recS5UGtOnzO8hK5J": [
  30.741691075711834,
  76.77254357481313
 ],
 "recScTlSsJtz5sPWD": [
  13.020585191164754,
  76.11170482482636
 ],
 "recSjjgKWr1PyJ61j": [
  13.036400908099196,
  76.12309417682522
 ],
 "recTwv2runtQBXAnk": [
  26.609765775736,
  92.80831923305567
 ],
 "recWEHPiZ8SXsaS1Z": [
  31.931202044595135,
  77.19209947630294
 ],
 "recWlhxJ99olPkHj9": [
  12.973331544863997,
  77.58531688990313
 ],
 "recWzquylNLMy2v3r": [
  13.032149330892846,
  76.12661280916855
 ],
 "recX36MLTjU1FY1Mc": [
  14.964862669661015,
  75.76711879689583
 ],
 "recXHjzomsR8PrEes": [
  12.989774016916137,
  77.591217639328
 ],
 "recYqI9Y3NpkG7juS": [
  26.41796297577355,
  93.26819412361209
 ],
 "recZtMFMGlBIiw0i5": [
  26.385334606817025,
  93.24753805063807
 ],
 "reca9jPhSWUR4vOec": [
  12.312078397688142,
  76.65984728039469
 ],
 "recaDnsIxlVomQwLc": [
  26.613528441940794,
  92.81275433899735
 ],
 "recaty4V6xjbmCUdv": [
  13.002335601278482,
  76.10107524740872
 ],
 "recb2LJlHJ0hc4jnZ": [
  14.964447846996402,
  75.78715385590529
 ],
 "recbekMC7C97Fp9sG": [
  12.9623355664183,
  77.5799583758984
 ],
 "recbmspCum3iG49UL": [
  12.97573890780563,
  77.58004727407572
 ],
 "recbsKEFy6eeaHfdw": [
  14.954299591828045,
  75.79678331408148
 ],
 "reccuh4DymAkOa5uv": [
  22.379947775858696,
  71.72638680935431
 ],
 "recdGcMfsQ70MPXjh": [
  12.977636771840332,
  77.61422728238078
 ],
 "recdeEVLXyrXtsRm0": [
  14.867270148105305,
  76.20039942977597
 ],
 "recdydniJJETTqMcj": [
  26.60210363288189,
  92.81015967788555
 ],
 "rece2kT1IpWYK6K05": [
  34.082123196081135,
  74.80122187901843
 ],
 "recetBTLPMK1yKacJ": [
  12.314941833562706,
  76.65466192870288
 ],
 "recg9qcamzRDW2xdc": [
  26.636902723873614,
  92.7810309982509
 ],
 "rech1c2Ju73K90JE3": [
  26.407237325261864,
  93.26353901911627
 ],
 "rech2gmcfi0pJv9ET": [
  13.011573872875108,
  76.09481930913282
 ],
 "rech8CwK0wxyKLCcU": [
  34.056368639953,
  74.83063015012138
 ],
 "rech9X2NpixRvsDtK": [
  12.96837244378001,
  77.56923890694934
 ],
 "rechBSWxaJcKNf3Fu": [
  12.312819511989655,
  76.67173788171176
 ],
 "rechbmKwwLuZjeTil": [
  12.995700719915408,
  77.59041202500572
 ],
 "reciD1cfGiv4pZJY0": [
  14.352605519116556,
  76.18010692541444
 ],
 "reciLg64rmE7L6rUj": [
  26.414137624034186,
  93.24473078495748
 ],
 "reciZnJveKiKeCbPf": [
  12.959410082775436,
  77.60366349214569
 ],
 "recileJCftLFmlAMG": [
  33.942612275781485,
  77.63968255278746
 ],
 "recjKhMThmGlOsOFf": [
  12.9843925415652,
  77.59255104578506
 ],
 "recjvSXWhcZwroqvq": [
  12.972390208329553,
  77.58865125131604
 ],
 "reck7VnTZYVJ90LyO": [
  14.945076940221918,
  75.77490732941922
 ],
 "reckHbFSBdWjNJjxl": [
  14.970344659547253,
  75.78561947449593
 ],
 "reckvStOCQEwJHzqx": [
  26.394343721491065,
  93.23579714380801
 ],
 "reclvfB77XNHgDkBQ": [
  14.603996745543236,
  76.03528311348447
 ],
 "recm3oCwFAAfK6Opz": [
  26.38934157721156,
  93.24709725129925
 ],
 "recmDdkbQf8Sc3928": [
  26.387319841387175,
  93.26323678668153
 ],
 "recmcRX882NLgA3M5": [
  14.96006989586863,
  75.78676131528795
 ],
 "recmetwqR8TuCxi73": [
  12.988771080245986,
  77.58687264384072
 ],
 "recn33Us7OfKlb8u5": [
  12.970697315955183,
  77.59029488692988
 ],
 "recn3YMGtsDkabptH": [
  12.985169122554217,
  77.60006355909384
 ],
 "recnccz8kY3S2p323": [
  33.934673918536966,
  77.64119541291319
 ],
 "reco0BYZ5Ag1WMxZB": [
  11.431661818494781,
  76.6976065622226
 ],
 "reco21PiNDyAnqLLV": [
  12.31145991362915,
  76.64763852131927
 ],
 "recof5lodCkjfzoX5": [
  10.357715556856279,
  76.51671465083318
 ],
 "recp93GCnkYTlCfZ1": [
  31.91852240804187,
  77.20067527985461
 ],
 "recpMFNgfPXo6Pdz3": [
  33.9246272115813,
  77.65981085320237
 ],
 "recpO6EocV4cMQ2Rb": [
  22.369398475236633,
  71.74745436807113
 ],
 "recpfK3VNCSHV9kOT": [
  33.93486510003058,
  77.6665599937922
 ],
 "recphCbEGWwrdlSmm": [
  33.9406013099316,
  77.6530601472039
 ],
 "recqIOhWfP9qtzRjH": [
  26.407809524864806,
  93.26731287418137
 ],
 "recrHrhybzgXzgCpc": [
  24.579472282502486,
  73.69484429829755
 ],
 "recrKHCfmDKi6n6ic": [
  33.9521557,
  77.6681419110113
 ],
 "recrd4zsW8E0GeFmk": [
  26.408307675712372,
  93.26833804802544
 ],
 "recsfqzj3MjLk1tku": [
  22.385848475759566,
  71.74092220784917
 ],
 "recsrMSE946IUyFjD": [
  33.95354366149455,
  77.67380555561758
 ],
 "recszAMGz6qPHW3hV": [
  33.93512490360766,
  77.6634285988765
 ],
 "rectEzKQ6AzrS2UGe": [
  12.990391523935198,
  77.59960336884342
 ],
 "rectX6LiK55fck0ZV": [
  25.54113882273262,
  91.31036261098268
 ],
 "rectnmOysrmv50qtl": [
  14.404951201015539,
  76.11586744726188
 ],
 "recvqihyxZ7x15mq9": [
  34.066001181024,
  74.81106834554525
 ],
 "recvvSTZ6WO7xGaOV": [
  10.147064233078385,
  78.78267912368761
 ],
 "recw0i5wHrAvNzS3q": [
  30.728679087543718,
  76.7684933458364
 ],
 "recw1l3w6c7EIcG1R": [
  14.973294569077504,
  75.79914727997961
 ],
 "recw91udQMVPfhieI": [
  33.93289059216865,
  77.64759410442386
 ],