{
 "rec0JRIGwntosctHc": [
  17.744886646418514,
  79.34254841166356
 ],
 "rec0S8BONlag1sCH5": [
  10.719698382272155,
  78.23068709363525
 ],
 "rec1cqcQQVo7YxZ2P": [
  22.877770273994994,
  71.37343514957992
 ],
 "rec1h9V39EQHD1EJ1": [
  34.99328584057369,
  76.56133380237829
 ],
 "rec23GalYD7n5Rv6J": [
  14.558565740579304,
  76.1191266773934
 ],
 "rec3MuXBTheP5imIu": [
  10.896228598043026,
  78.50221818055766
 ],
 "rec3pCxDylzQvSjyq": [
  14.828968622024519,
  76.09070618932546
 ],
 "rec4JawuoT8RMh81O": [
  26.562185303216914,
  74.08169295812975
 ],
 "rec4YIGipuaTt8lDb": [
  35.14703451916266,
  76.59813205614199
 ],
 "rec6Rr8U5xurTKQvy": [
  11.250211453501631,
  78.47889296528535
 ],
 "rec6bOn9grF37KOPm": [
  14.808551522650314,
  75.98795676741452
 ],
 "rec6lHNoY6qxkDROn": [
  14.725423041325639,
  76.32599203505718
 ],
 "rec86n5h7d2b780kE": [
  14.625149095387554,
  75.96122952398906
 ],
 "rec8QBUvVQgpd9Ky7": [
  14.554515269122811,
  76.01690054249084
 ],
 "rec9ObcrzGHaMATVw": [
  11.026312691821326,
  78.6954026041835
 ],
 "recAZe8Kg1D4G9uaB": [
  14.650690337116336,
  76.33053370907568
 ],
 "recBPc6pIEwdRQ1A1": [
  14.42176737256646,
  76.03206684505734
 ],
 "recBv3VKvxlk3unBX": [
  26.45008455921322,
  92.52327777211077
 ],
 "recCzlRLijuFT9M19": [
  14.3705945540029,
  76.17947873447379
 ],
 "recEYBJ8Ub21qfmGx": [
  34.82483005889391,
  76.91171004287868
 ],
 "recF0EwnujZSnDXTI": [
  14.918447874585011,
  76.30956804966587
 ],
 "recF8wK2M1UyDtg7z": [
  11.015672890184566,
  78.14583963836401
 ],
 "recFheooHH4UJyEbQ": [
  14.560929500544772,
  75.86888033083987
 ],
 "recFp6iOlbo5yV3C1": [
  14.933264501225441,
  76.22602315550589
 ],
 "recFtN4rWYXNZJgDM": [
  14.919556360499385,
  76.14878763715748
 ],
 "recGPtvQlEwEhFIF0": [
  14.89699001754856,
  76.03030355583772
 ],
 "recGrBRDhW72Ks2Ro": [
  32.06987183860084,
  77.37092371967319
 ],
 "recHBGEjXG0Q0KUBz": [
  14.88407969423008,
  76.029544445237
 ],
 "recI6wqZKNSd0cSPb": [
  26.516308953563545,
  92.6515208950869
 ],
 "recJAcczISngEfDfO": [
  14.894680017283445,
  76.01063180279951
 ],
 "recJxbHckUtosVwIX": [
  14.603951874625604,
  76.36569659074777
 ],
 "recKKhOwW2cDJzXj8": [
  14.766817818762378,
  76.01147607547504
 ],
 "recLFJHzhLp991Inu": [
  15.024330497456932,
  76.23092886903622
 ],
 "recLH9YlB4vO9PxDf": [
  22.537219847858044,
  71.53034838575118
 ],
 "recLqO0LjEmss9pM9": [
  35.16007603580287,
  76.98672112895242
 ],
 "recLwrQLrPRUzI1h3": [
  14.490049108381715,
  76.01513773496592
 ],
 "recMK951T46tbHqJ9": [
  14.788392002254058,
  75.83954711962367
 ],
 "recML5i1vA74yt0dM": [
  14.556182865944386,
  75.92795505636538
 ],
 "recMW2i5y9iROMD8f": [
  14.83558413494647,
  76.3540358092682
 ],
 "recNGwE7eIhh6hWPz": [
  33.81274194671215,
  74.65007030869307
 ],
 "recO1olwJAexMzVZm": [
  14.410615779032481,
  76.24560761409272
 ],
 "recObnFpjnf6AlI5G": [
  35.13590822700725,
  76.71799076327466
 ],
 "recQbA8z54PhNkmfu": [
  14.924498641819806,
  76.21970064306105
 ],
 "recQgZygc8QaELCYL": [
  31.985245945830936,
  77.40750274633727
 ],
 "recS5UGtOnzO8hK5J": [
  30.935960592445994,
  76.59566776760512
 ],
 "recScTlSsJtz5sPWD": [
  14.636710406038496,
  76.32558315583832
 ],
 "recSjjgKWr1PyJ61j": [
  14.841999676023109,
  76.38601624822778
 ],
 "recTwv2runtQBXAnk": [
  26.227334517301486,
  92.92671671293778
 ],
 "recWEHPiZ8SXsaS1Z": [
  31.96798484947996,
  77.45420506998684
 ],
 "recWlhxJ99olPkHj9": [
  14.559325066369007,
  75.97379782191197
 ],
 "recWzquylNLMy2v3r": [
  14.809839972783415,
  76.46866353921345
 ],
 "recX36MLTjU1FY1Mc": [
  14.811487591278246,
  75.87855196834784
 ],
 "recXHjzomsR8PrEes": [
  14.879708572575716,
  76.18364993425654
 ],
 "recYqI9Y3NpkG7juS": [
  26.460140593317146,
  92.94407560029242
 ],
 "recZtMFMGlBIiw0i5": [
  26.104159315337355,
  92.73182884475588
 ],
 "reca9jPhSWUR4vOec": [
  14.896618017777122,
  76.3385372480995
 ],
 "recaDnsIxlVomQwLc": [
  26.248166285260197,
  92.99782234665216
 ],
 "recaty4V6xjbmCUdv": [
  14.51180975810735,
  76.14480672531498
 ],
 "recb2LJlHJ0hc4jnZ": [
  14.862965335432918,
  76.1182587107591
 ],
 "recbekMC7C97Fp9sG": [
  14.536563118061403,
  76.05324661329175
 ],
 "recbmspCum3iG49UL": [
  14.675306695734966,
  75.92927664567358
 ],
 "recbsKEFy6eeaHfdw": [
  14.62015962293742,
  76.46739890671158
 ],
 "reccuh4DymAkOa5uv": [
  22.625576813087825,
  71.29708824661624
 ],
 "recdGcMfsQ70MPXjh": [
  14.711212370896977,
  76.47777305693788
 ],
 "recdeEVLXyrXtsRm0": [
  14.945800322781118,
  76.2156641494061
 ],
 "recdydniJJETTqMcj": [
  26.085155794524496,
  92.98454443043053
 ],
 "rece2kT1IpWYK6K05": [
  33.7646705439741,
  74.54248237327741
 ],
 "recetBTLPMK1yKacJ": [
  14.976946262285841,
  76.21176355077323
 ],
 "recg9qcamzRDW2xdc": [
  26.481578976589613,
  92.67418380226671
 ],
 "rech1c2Ju73K90JE3": [
  26.356656945719205,
  92.97970787768433
 ],
 "rech2gmcfi0pJv9ET": [
  14.473868768494217,
  76.00338202992008
 ],
 "rech8CwK0wxyKLCcU": [
  33.50288628798639,
  74.93746925752588
 ],
 "rech9X2NpixRvsDtK": [
  14.614234010433542,
  75.9547096140116
 ],
 "rechBSWxaJcKNf3Fu": [
  14.793369544502156,
  76.36734961371002
 ],
 "rechbmKwwLuZjeTil": [
  14.960353927659863,
  76.17249952623565
 ],
 "reciD1cfGiv4pZJY0": [
  14.36060064573271,
  76.17982772944082
 ],
 "reciLg64rmE7L6rUj": [
  26.441145186001425,
  92.6939316612675
 ],
 "reciZnJveKiKeCbPf": [
  14.53491126866179,
  76.29725081038035
 ],
 "recileJCftLFmlAMG": [
  34.91259043797284,
  76.61962712516788
 ],
 "recjKhMThmGlOsOFf": [
  15.023752742459553,
  76.27302767864944
 ],
 "recjvSXWhcZwroqvq": [
  14.529203353986073,
  76.11233884157447
 ],
 "reck7VnTZYVJ90LyO": [
  14.55595792136271,
  75.97628937815061
 ],
 "reckHbFSBdWjNJjxl": [
  14.950321567863165,
  76.09629618804955
 ],
 "reckvStOCQEwJHzqx": [
  26.20846724681207,
  92.59589210186945
 ],
 "reclvfB77XNHgDkBQ": [
  14.571080771414858,
  75.98997816179947
 ],
 "recm3oCwFAAfK6Opz": [
  26.08538569345639,
  92.69771125353657
 ],
 "recmDdkbQf8Sc3928": [
  26.18328439838148,
  92.89090749920834
 ],
 "recmcRX882NLgA3M5": [
  14.852134273828188,
  76.05361704616307
 ],
 "recmetwqR8TuCxi73": [
  14.845282400862562,
  76.12913904379658
 ],
 "recn33Us7OfKlb8u5": [
  14.450545820164427,
  76.17668677473759
 ],
 "recn3YMGtsDkabptH": [
  14.816095296662779,
  76.30584990032338
 ],
 "recnccz8kY3S2p323": [
  34.79071795391477,
  76.58556954628217
 ],
 "reco0BYZ5Ag1WMxZB": [
  11.299513773292368,
  78.32310883235958
 ],
 "reco21PiNDyAnqLLV": [
  14.854106755850442,
  76.05628270262639
 ],
 "recof5lodCkjfzoX5": [
  10.650502033263292,
  76.60637318544153
 ],
 "recp93GCnkYTlCfZ1": [
  31.847067683171726,
  77.37736916893806
 ],
 "recpMFNgfPXo6Pdz3": [
  34.777238020043484,
  76.8304000254034
 ],
 "recpO6EocV4cMQ2Rb": [
  22.39365123485767,
  71.62035039753769
 ],
 "recpfK3VNCSHV9kOT": [
  34.7597973853602,
  76.97402324982991
 ],
 "recphCbEGWwrdlSmm": [
  34.73793835911726,
  76.65026869222066
 ],
 "recqIOhWfP9qtzRjH": [
  26.371315159628022,
  93.15952512764581
 ],
 "recrHrhybzgXzgCpc": [
  26.59304576844516,
  74.02160632524559
 ],
 "recrKHCfmDKi6n6ic": [
  35.035583591729555,
  76.9626251709214
 ],
 "recrd4zsW8E0GeFmk": [
  26.372703060760557,
  93.00926941600868
 ],
 "recsfqzj3MjLk1tku": [
  22.733071865381568,
  71.41033011505397
 ],
 "recsrMSE946IUyFjD": [
  35.051238157164725,
  77.03331754499936
 ],
 "recszAMGz6qPHW3hV": [
  34.81837637730609,
  76.88622848787517
 ],
 "rectEzKQ6AzrS2UGe": [
  14.82326633356255,
  76.25399836601461
 ],
 "rectX6LiK55fck0ZV": [
  25.622200486895288,
  91.54438613156294
 ],
 "rectnmOysrmv50qtl": [
  14.404951201015539,
  76.11586744726188
 ],
 "recvqihyxZ7x15mq9": [
  33.52688571991807,
  74.73556958901119
 ],
 "recvvSTZ6WO7xGaOV": [
  10.795424693399074,
  78.51100911433406
 ],
 "recw0i5wHrAvNzS3q": [
  30.591793326297264,
  76.46639264554862
 ],
 "recw1l3w6c7EIcG1R": [
  14.954033241989627,
  76.3085566904334
 ],
 "recw91udQMVPfhieI": [
  34.69478832347332,
  76.62452717002952
 ],